started_jst	slot_jst	delay_min	source	carryover_repair
2026-10-07 05:16	00:10	306	タスクリスト — 2026-10-06.md	not needed (cloud run has not produced today's note yet)
2026-10-07 06:35	02:10	265	タスクリスト — 2026-10-06.md	not needed (cloud run has not produced today's note yet)
2026-10-07 07:58	04:10	228	タスクリスト — 2026-10-06.md	not needed (cloud run has not produced today's note yet)
2026-10-07 09:36	06:10	206	タスクリスト — 2026-10-06.md	nothing to repair
2026-10-08 05:35	00:10	325	タスクリスト — 2026-10-07.md	not needed (cloud run has not produced today's note yet)
2026-10-08 06:56	02:10	286	タスクリスト — 2026-10-07.md	not needed (cloud run has not produced today's note yet)
2026-10-08 08:32	04:10	262	タスクリスト — 2026-10-07.md	not needed (cloud run has not produced today's note yet)
2026-10-08 09:55	06:10	225	タスクリスト — 2026-10-07.md	not needed (cloud run has not produced today's note yet)
2026-10-09 05:41	00:10	331	タスクリスト — 2026-10-08.md	not needed (cloud run has not produced today's note yet)
2026-10-09 07:00	02:10	290	タスクリスト — 2026-10-08.md	not needed (cloud run has not produced today's note yet)
2026-10-09 08:43	04:10	273	タスクリスト — 2026-10-08.md	nothing to repair
2026-10-09 10:10	06:10	240	タスクリスト — 2026-10-08.md	nothing to repair
2026-10-10 05:05	00:10	295	タスクリスト — 2026-10-09.md	not needed (cloud run has not produced today's note yet)
2026-10-10 06:36	02:10	266	タスクリスト — 2026-10-09.md	not needed (cloud run has not produced today's note yet)
2026-10-10 08:10	04:10	240	タスクリスト — 2026-10-09.md	not needed (cloud run has not produced today's note yet)
2026-10-10 09:43	06:10	213	タスクリスト — 2026-10-09.md	nothing to repair
2026-10-11 04:16	00:10	246	タスクリスト — 2026-10-10.md	not needed (cloud run has not produced today's note yet)
